"symbol","name","code","weight","pct_buried","volume","vw_volume","solvent_area","hydrophobicity","flexibility","acid_strength_cooh","acid_strength_nh3","isoelectric_point"
"A","Alanine","ALA",71.1,38.0,92,67.0,67.0,0.17,18.0,2.34,9.69,6.11
"R","Arginine","ARG",156.2,0.0,225,148.0,196.0,0.81,4.6,2.17,9.04,10.76
"N","Asparagine","ASN",114.1,10.0,135,96.0,113.0,0.42,20.0,2.02,8.80,5.41
"D","Aspartate","ASP",115.1,14.5,125,91.0,106.0,1.23,21.0,1.88,9.60,2.77
"C","Cysteine","CYS",103.1,47.0,106,86.0,104.0,-0.24,4.0,1.96,10.28,5.07
"Q","Glutamine","GLN",128.1,6.3,161,114.0,144.0,0.58,7.2,2.17,9.13,5.65
"E","Glutamate","GLU",129.1,20.0,155,109.0,138.0,2.02,8.8,2.19,9.67,3.22
"G","Glycine","GLY",57.1,37.0,66,48.0,0.0,0.01,39.0,2.34,9.60,5.97
"H","Histidine","HIS",137.1,19.0,167,118.0,151.0,0.96,4.8,1.82,9.17,7.59
"I","Isoleucine","ILE",113.2,65.0,169,124.0,140.0,-0.31,2.3,2.36,9.60,6.02
"L","Leucine","LEU",113.2,41.0,168,124.0,137.0,-0.56,10.0,2.36,9.60,5.98
"K","Lysine","LYS",128.2,4.2,171,135.0,167.0,0.99,4.0,2.18,8.95,9.74
"M","Methionine","MET",131.2,50.0,171,124.0,160.0,-0.23,3.0,2.28,9.21,5.74
"F","Phenylalanine","PHE",147.2,48.0,203,135.0,175.0,-1.13,7.6,1.83,9.13,5.48
"P","Proline","PRO",97.1,24.0,129,90.0,105.0,0.45,0.1,1.99,10.60,6.30
"S","Serine","SER",87.1,24.0,99,73.0,80.0,0.13,25.0,2.21,9.15,5.68
"T","Threonine","THR",101.1,25.0,122,93.0,102.0,0.14,11.0,2.09,9.10,5.60
"W","Tryptophan","TRP",186.2,23.0,240,163.0,217.0,-1.85,4.6,2.83,9.39,5.89
"Y","Tyrosine","TYR",163.2,13.0,203,141.0,187.0,-0.94,7.5,2.20,9.11,5.66
"V","Valine","VAL",99.1,56.0,142,105.0,117.0,0.07,3.0,2.32,9.62,5.96
